metrica,valor
catalogo_n,16851.0
ya_real_catalogo,263.0
unavailable_catalogo,16588.0
cobertura_real_pct,1.56
muestra_unavailable,80.0
muestra_op_hit_exacto_mx,0.0
muestra_op_hit_otra_moneda,1.0
muestra_op_sin_hit,79.0
muestra_upc_consultada,25.0
muestra_upc_hit_precio,4.0
muestra_upc_hit_sin_precio,0.0
muestra_upc_sin_hit,21.0
semilla,20260926.0
censo_op_unavailable,16588.0
censo_op_hit_exacto_mx,2.0
censo_op_hit_otra_moneda,166.0
censo_op_sin_hit,16420.0
censo_op_hit_mxn_limpio,0.0
censo_op_pendiente_moneda_mx,2.0
censo_op_otro_mercado_codes,166.0
